Company,Sector,MarketCap,Volatility,RiskFactor
Company_0,Energy,135.4476106082945,0.11913232815764219,46.71707835018389
Company_1,Pharmaceutical,365.78683717057635,0.11520873929498197,83.55099236581381
Company_2,Retail,300.5518235768226,0.3984829029927355,24.087637706447573
Company_3,E-Commerce,60.0842054703478,0.3636142136814723,27.11656309505895
Company_4,Energy,460.1877559077658,0.420852223251035,11.0423654205667
Company_5,Consumer Goods,397.1414721908025,0.1421470135811224,11.135203951661374
Company_6,Automotive,21.28107634594238,0.11422834681421934,76.351330156681
Company_7,Energy,329.1699333842406,0.3034317157790314,68.56980854743647
Company_8,Retail,387.9108675746716,0.25503809259310783,38.40328451615666
Company_9,E-Commerce,193.47333116300678,0.2847787746683823,65.86489257820583
Company_10,Pharmaceutical,43.77155428993721,0.49663536354810967,41.61647410479762
Company_11,Retail,47.88732208950576,0.48829998306826805,86.2317436798262
Company_12,Retail,61.08101336538665,0.4769261558692771,87.36421451408279
Company_13,Automotive,421.8154196704072,0.4135370707070696,41.42350206474747
Company_14,Financials,456.2362371452994,0.24193654410275617,78.33775250726944
Company_15,E-Commerce,70.17728310440955,0.26485237210510865,71.84712333579729
Company_16,Healthcare,125.59395695158979,0.3198464174875698,34.799994973743146
Company_17,Retail,91.10505007997199,0.432213782561936,28.563186312088476
Company_18,Financials,101.29723095211914,0.12748513300730713,46.65877203142671
Company_19,Healthcare,420.3704866112211,0.26971875435395526,72.5079072491525
Company_20,E-Commerce,172.7517422009201,0.13304706538370747,86.81342277829964
Company_21,Technology,162.60768938236419,0.3058630346294047,71.0863255093258
Company_22,Consumer Goods,121.42385422978519,0.45956032960249416,78.4165588014696
Company_23,Financials,307.86825295918675,0.41299396982557524,58.24514449364132
Company_24,Telecom,195.85979220891892,0.191136967017244,76.83262646737008
Company_25,Technology,374.68232940321155,0.490396339839517,72.75366864027342
Company_26,Consumer Goods,110.73410610406238,0.36694015921857137,40.15884335410241
Company_27,Automotive,396.01704547010127,0.10417107975896123,54.15922416965769
Company_28,Energy,305.8235505477681,0.20216539387408783,74.38024975917558
Company_29,Pharmaceutical,65.99097702728699,0.20428531996796662,13.68453873519651
Company_30,Telecom,213.10724625977755,0.12770172251434397,74.6463425884664
Company_31,Automotive,433.1238889003489,0.4839306072303716,24.231049923921873
Company_32,E-Commerce,462.25051358125756,0.2913021178303695,51.17468936971512
Company_33,Automotive,238.19305993621848,0.4583258389487528,74.66203516447501
Company_34,Energy,245.61011926364603,0.22888620137785134,30.305686252535587
Company_35,E-Commerce,460.0428152202576,0.15009342817313087,29.66459514449224
Company_36,Telecom,297.66342982691793,0.2897344439624856,42.22115187698015
Company_37,Energy,26.09486841928479,0.1455826538857269,81.57142380621076
Company_38,Healthcare,457.24723681077313,0.294406201191016,10.03542251497663
Company_39,Pharmaceutical,131.6309569510044,0.46811887248776307,82.11064773135479
Company_40,Telecom,293.03965750485816,0.3083072567336851,22.304561971328624
Company_41,Healthcare,91.10152553970717,0.34659989075803344,89.20691008539856
Company_42,Consumer Goods,26.600788520831543,0.16265537478952333,86.38775944307744
Company_43,Telecom,162.62185385505114,0.1174942503519878,49.57401516730266
Company_44,Consumer Goods,392.44289669758297,0.14432318487192283,51.01761982501025
Company_45,E-Commerce,146.0177145884149,0.33941263027374624,48.523947222068344
Company_46,Healthcare,117.84763489973756,0.13800467959692186,60.83549165276181
Company_47,Pharmaceutical,114.21358432720088,0.25039715597652457,17.25773617879448
Company_48,Energy,262.4351043793382,0.32003677618326243,12.60943586732532
Company_49,Retail,488.01524468455057,0.25546111945193883,14.616234273271909
Company_50,Automotive,234.9046041283364,0.16547352058612058,45.54922793932115
Company_51,Technology,283.0796307561235,0.2095165230056426,32.04383513755867
Company_52,Pharmaceutical,431.70968876645964,0.4713270131394308,59.7631649896795
Company_53,Healthcare,272.1841622774927,0.3703929102345421,89.39538314998232
Company_54,Retail,100.38680699523948,0.29841913547195464,40.905853846117274
Company_55,Pharmaceutical,156.80199676557376,0.10508595599475741,55.90730032836107
Company_56,Healthcare,161.86909387161936,0.4969661601957881,43.24831167258684
Company_57,Financials,204.68587657422296,0.3685819739578573,77.78173341774875
Company_58,Financials,219.1265636150072,0.22676899093797798,82.17891227697905
Company_59,Consumer Goods,401.893190816392,0.4517074639991353,80.1884489764208
Company_60,Pharmaceutical,181.19962953417317,0.20337264811672726,87.94977909434061
Company_61,Financials,239.43359593627588,0.31760663167310066,12.201534811233223
Company_62,Healthcare,316.2382336550156,0.35442830549193005,77.18529297164248
Company_63,Consumer Goods,195.08571424568296,0.1884253485814914,70.14177384312745
Company_64,Healthcare,419.9167585132431,0.49135891152023836,28.29555275202918
Company_65,Consumer Goods,297.85226607469644,0.39927676239159904,86.50560747100221
Company_66,Pharmaceutical,154.08189281827606,0.323125290204428,21.854234258395635
Company_67,Retail,359.88900789701586,0.17223783927012037,64.36399417071267
Company_68,Energy,268.5473877709451,0.12154328279921045,27.991217345273
Company_69,Telecom,271.883386716051,0.2280239330083934,44.510451901925975
Company_70,Retail,245.7330947099171,0.4012749343653611,67.53279175556551
Company_71,E-Commerce,253.535854922412,0.20773251932081005,55.06597136264374
Company_72,Healthcare,385.02457772245793,0.315822488198202,44.200146506248934
Company_73,E-Commerce,60.460924872344606,0.3911788706922973,36.10707447455898
Company_74,Retail,173.83777754213628,0.14317748585858575,77.17277245670323
Company_75,Consumer Goods,46.99664826390572,0.37411920644634933,21.505148025185097
Company_76,Telecom,379.0906481662509,0.1367483550840179,44.408230122384005
Company_77,Telecom,143.42790881294673,0.48605189685079864,82.30060574201137
Company_78,Technology,449.74090081125325,0.29535765202597586,77.66796403679741
Company_79,Telecom,268.02344866305395,0.16027044308395097,42.07534099784374
Company_80,Energy,402.3673880281993,0.2369534544134186,71.04866908810466
Company_81,Telecom,489.676403451821,0.2653665797181046,75.85286645670874
Company_82,Retail,421.4965411337196,0.403274004430615,81.11099392029038
Company_83,Technology,434.8269424056465,0.3973695144306437,53.56046152393824
Company_84,Retail,209.9124027287739,0.34477620213493243,26.356870884376946
Company_85,Retail,280.3440716770765,0.1423722850233972,30.42472612031453
Company_86,Automotive,134.4053963812191,0.16062774863506946,33.65557392332833
Company_87,Technology,106.09541884979187,0.13750276825822266,57.50419846476924
Company_88,Retail,257.69886076195655,0.33086911331502,12.624769930288675
Company_89,Automotive,301.5740000532061,0.45085537660456165,60.883397502397465
Company_90,Automotive,176.24291048913358,0.27352020490190876,39.14833907425856
Company_91,Technology,289.02732370411513,0.16433926958309847,33.61934419917137
Company_92,E-Commerce,444.85563643161646,0.32321693005958685,80.35972565825011
Company_93,Consumer Goods,282.7935765438494,0.4247008867462839,46.800191646463915
Company_94,Energy,363.1984171921482,0.39668482460517207,17.604243642615423
Company_95,Consumer Goods,404.6043340053735,0.4525803118700086,76.13974144209976
Company_96,Telecom,494.477103158167,0.21116083889954715,13.811300594920528
Company_97,Energy,305.56672706672,0.17758154690710995,68.13993793345574
Company_98,Telecom,405.3565729916671,0.4519265943767755,71.91249774165321
Company_99,Retail,481.6981660918886,0.3630241251112093,38.208208474308655
Company_100,Healthcare,472.76076553286396,0.22437157200302169,75.98302850222294
Company_101,Technology,79.13010590107965,0.39693922022900374,51.25275246851628
Company_102,Energy,209.1322310540258,0.4260473537921472,47.06349226182375
Company_103,Energy,168.75512994233182,0.34599129613645296,13.632262517495404
Company_104,Retail,52.59325732567117,0.37515364395196604,33.20233549191247
Company_105,E-Commerce,320.28797970637066,0.2501039617770665,84.48079767082399
Company_106,Automotive,370.59326046604116,0.31547826693721565,41.34591706268
Company_107,Retail,425.5827667787729,0.3096636682904649,53.736041644541466
Company_108,Financials,70.16067593472717,0.4392191164523088,52.56173431874014
Company_109,Automotive,439.457597178894,0.435985592112873,57.23448718581547
Company_110,Technology,325.0335261709841,0.4330721877388173,14.90647645146261
Company_111,Automotive,354.9336062178696,0.10441264570498632,38.97410038389826
Company_112,E-Commerce,456.20576173474893,0.39981819378755534,67.85026191060433
Company_113,Automotive,316.13302281119303,0.40347055604440196,26.044820085838634
Company_114,Technology,174.5742700034192,0.3713515291420567,26.286270203708835
Company_115,E-Commerce,414.3025923971033,0.4025058631565811,10.807248535121978
Company_116,Consumer Goods,187.89901397559436,0.43678814859868353,44.99855412865678
Company_117,Energy,26.77177430205927,0.28812762164071426,80.61875045387376
Company_118,Energy,417.02070821697237,0.30082008539537886,14.152075486984721
Company_119,Telecom,179.14415099182503,0.1498856227645562,25.289496759680212
Company_120,Consumer Goods,389.17891636865676,0.25415035321894475,34.806763067420405
Company_121,Consumer Goods,187.75136838631326,0.3573460719647138,68.53797892513703
Company_122,Automotive,431.92332978761357,0.4121599104589099,61.250847424206924
Company_123,Energy,117.56015728966976,0.18688363907648423,43.275512366548405
Company_124,Technology,487.5281599474463,0.15512915966369417,70.72551514067005
Company_125,Pharmaceutical,392.0817996461351,0.3652168018001969,58.770480932552154
Company_126,Pharmaceutical,65.97658370099444,0.10075195340996426,81.68326397257752
Company_127,E-Commerce,287.2305437836146,0.17134903372293192,75.44213993109544
Company_128,Energy,492.82998299845,0.1116285521375815,30.225088487136045
Company_129,Energy,240.82207181996904,0.16675404714194836,31.71508621073602
Company_130,Pharmaceutical,99.2324980225758,0.1725277119702021,20.028518063390848
Company_131,Energy,247.54139990366963,0.2550694379001577,36.95717805739652
Company_132,Automotive,261.10425138214157,0.2609308498746224,89.96351349752754
Company_133,Financials,373.4266026720461,0.4497049882440951,42.46009348920488
Company_134,Healthcare,352.43446804884314,0.30404388499953006,27.639074775128513
Company_135,Consumer Goods,207.24952136252045,0.3893619062449145,70.99863075804424
Company_136,Telecom,116.83132267210237,0.141654943168115,53.39768027701248
Company_137,E-Commerce,326.07654220697145,0.19017550218547755,21.968115962156205
Company_138,Financials,216.63492793110808,0.38117737639147076,40.45517449286926
Company_139,Pharmaceutical,74.81534345141189,0.12112158418741124,43.157577243147465
Company_140,Consumer Goods,451.28042760582895,0.29463906489750125,70.30637604553749
Company_141,Energy,348.69871022873065,0.33974758626517354,11.653709511352357
Company_142,Telecom,344.7600896582859,0.3408582576209924,31.52157174386484
Company_143,Energy,413.06609919672024,0.10917312450721682,51.40770410524176
Company_144,Technology,269.53422254098973,0.22884320169167421,31.507739396227468
Company_145,Technology,409.37666991720397,0.35459626041966164,60.27472379351991
Company_146,Telecom,254.06446922039282,0.15959989445969738,48.54939834196933
Company_147,Telecom,42.91594595869795,0.3781662593312213,38.93682038876645
Company_148,Pharmaceutical,208.57156313356748,0.3983700835254699,85.93669014964098
Company_149,Telecom,253.7577980501464,0.4927876761784581,60.57275993491659
Company_150,Automotive,362.89926499982494,0.1839367979425638,20.395309781435298
Company_151,Energy,62.223577763050436,0.43005226706644606,54.80733579547164
Company_152,Financials,78.60908394362,0.3081186307674616,72.45854825607208
Company_153,Retail,139.20506329096204,0.24938503845766938,66.67917579942379
Company_154,Telecom,140.58421275173228,0.14895070293007118,23.76713834362075
Company_155,E-Commerce,368.77044344494055,0.394202242595015,87.79359992320826
Company_156,Technology,132.8580236751829,0.19434303965747485,45.90509165972848
Company_157,Automotive,320.2180510451493,0.2485688007492183,22.722000299220902
Company_158,Consumer Goods,252.19418656775298,0.1250168907589474,24.415660330251832
Company_159,Retail,290.9142453079063,0.42054676632780763,17.858799375126438
Company_160,Financials,420.67241195736494,0.4066354095886574,74.28144867479475
Company_161,Retail,208.14693575902191,0.393446332016925,19.762439545747892
Company_162,Telecom,387.7465747614925,0.21977740419675468,20.010020571339755
Company_163,Pharmaceutical,216.7976691798368,0.1693920297063829,78.03772918086702
Company_164,Technology,183.39697451501223,0.3550213057880919,37.56832675580477
Company_165,Technology,479.72731688347807,0.2984665536452878,12.468632344645796
Company_166,Consumer Goods,100.34175113269197,0.17130098676185662,14.15162396147287
Company_167,Pharmaceutical,54.26511068302786,0.3743645084199455,21.373635736311645
Company_168,Energy,387.78310351238446,0.49645057272852144,27.071467838055163
Company_169,Healthcare,43.442355623504874,0.39888783509681514,63.21169553907243
Company_170,Automotive,420.1687054444844,0.3959945546742447,22.58610240014626
Company_171,Technology,224.22476421504933,0.4801251011722367,19.50995129416576
Company_172,E-Commerce,458.6017018730379,0.1811745470299609,71.17753131810233
Company_173,Technology,363.5511019497338,0.32621998596857615,63.68442270879315
Company_174,Retail,309.09828683389924,0.4918586860135534,44.82593771641889
Company_175,Technology,475.1603305583052,0.1661176443880698,53.944781718408315
Company_176,Technology,204.3581927955066,0.3801007837778084,34.95872162611348
Company_177,Healthcare,477.5025989044202,0.3343240583887608,48.60003361882885
Company_178,Healthcare,76.15062593639139,0.33459163687548277,50.53381191861966
Company_179,Financials,247.03992154688225,0.3790682510080301,40.97898169424767
Company_180,Energy,142.2564989721755,0.4718467691502737,82.52577685377302
Company_181,E-Commerce,274.5229616650148,0.4130327759405352,11.284949198480492
Company_182,Technology,89.38680016687645,0.12245444136648401,72.57370104729969
Company_183,Technology,422.34953355192124,0.44109120795028456,19.950626499305947
Company_184,Automotive,424.73984616413304,0.19021653197029306,73.80378884297596
Company_185,Healthcare,478.0657932345047,0.2507656658945488,59.2729532541377
Company_186,E-Commerce,85.78934903278575,0.28469312544495284,77.46224727491219
Company_187,Consumer Goods,315.43294994344546,0.29236240030122784,17.801146051271797
Company_188,Financials,242.3762812631811,0.2740721597021427,54.718450727981924
Company_189,Energy,178.7480287016743,0.47494131768634584,50.087030420975765
Company_190,Pharmaceutical,182.25467895576722,0.38240760306560984,66.49545463706869
Company_191,Energy,212.2688397973086,0.3524682583826826,52.74324415149407
Company_192,Retail,355.413519347587,0.11993681111317663,53.258765370648334
Company_193,Technology,303.16016855139577,0.46156533210414985,44.367675486085176
Company_194,Financials,235.24394125295424,0.4637560768033585,34.70675392058727
Company_195,Retail,47.20737108111482,0.41208522537204095,48.58114890017538
Company_196,E-Commerce,48.105018598688964,0.10281168152544767,19.479388701472047
Company_197,Pharmaceutical,11.146301406631347,0.12291210043104935,86.92106711864679
Company_198,Healthcare,484.1727002214724,0.1900894809073959,67.15286109012786
Company_199,Financials,12.574371093608608,0.1525397632579627,86.19736933502774
Company_200,Financials,60.515935546734994,0.2595344118814918,28.13819058639706
Company_201,Technology,164.15231283661134,0.4690492232351159,80.34728161412224
Company_202,Telecom,405.640823390213,0.2888241736787993,74.70319876508307
Company_203,Financials,481.42840502441766,0.10536105057286625,64.17219299661389
Company_204,Automotive,397.1066438080095,0.2130982758315048,60.002334886816456
Company_205,Pharmaceutical,348.3745138983639,0.11783796334918462,35.3239732214296
Company_206,Pharmaceutical,265.437327032649,0.11451504904540087,75.31286279720246
Company_207,Automotive,52.485553812469966,0.21028794123822092,50.121236918378706
Company_208,Consumer Goods,479.50368857192586,0.2102449354715782,15.671326071302829
Company_209,Automotive,381.6122828333839,0.4148506410406416,35.0290528684104
Company_210,Automotive,323.0851988137883,0.48993386111244475,84.8237678836262
Company_211,Pharmaceutical,381.92756431403643,0.24848283755599931,78.05442084838771
Company_212,Energy,364.8106313438379,0.27155475154441544,88.55245584612314
Company_213,Pharmaceutical,322.24347409684856,0.43791577451440855,60.23947060832785
Company_214,Telecom,490.4826320881942,0.20725560803820536,29.80080585123296
Company_215,Technology,452.6482681916522,0.1625527217613792,23.0252039741491
Company_216,Retail,326.86581036741006,0.4412358493614602,24.95315524867693
Company_217,Energy,349.6558536138931,0.1186002345760262,11.58365266778035
Company_218,Healthcare,35.2819452627679,0.3478797760797663,41.25456887887513
Company_219,Retail,338.25955762951924,0.3247971389867227,25.3142144399634
Company_220,Technology,31.641064477949087,0.23836817900067772,42.9324368365362
Company_221,Telecom,298.2492409152662,0.2260758084389436,84.79955454710124
Company_222,Telecom,499.6832147872591,0.40874309047264856,44.4432167605752
Company_223,Healthcare,282.345224904218,0.13456984430501862,80.23875975878678
Company_224,Energy,241.87295785985336,0.19471372372455417,58.44038132927012
Company_225,Consumer Goods,163.2988796877379,0.3929794927352359,29.770524372911353
Company_226,Automotive,69.05606360536757,0.3193282334905697,38.46838074073691
Company_227,Energy,368.201599014558,0.15119528341343458,16.71356286571435
Company_228,Consumer Goods,104.37352361495891,0.45285424571282407,36.67700748768084
Company_229,Telecom,66.48819041116934,0.2573791386254366,64.20327564028273
Company_230,Pharmaceutical,216.66370326795115,0.4311473501288692,15.768887434354815
Company_231,Technology,399.7175005999577,0.41508520621108347,26.432112678242348
Company_232,Healthcare,375.081628578908,0.3497701785886912,40.51528331306492
Company_233,Technology,36.89248117677271,0.2977924525180372,88.563962961277
Company_234,E-Commerce,233.0204056677165,0.4918203361527028,72.78894583671041
Company_235,E-Commerce,265.9929422748728,0.15798602895192682,68.67893971936832
Company_236,Energy,325.82785880665284,0.390062291020446,19.295276522035678
Company_237,Telecom,328.5820017171818,0.1764762805859156,72.47967148919932
Company_238,Telecom,188.70165223407986,0.23530524213293935,72.82150492128122
Company_239,Automotive,284.73182506172185,0.2234794973492781,58.088215649946264
Company_240,Automotive,245.72032308360235,0.4788143950954892,89.22894255986975
Company_241,Automotive,443.64919469640773,0.4869424711153101,36.020312473964154
Company_242,Pharmaceutical,269.8299149911011,0.17320617769389085,85.30179585934813
Company_243,Retail,226.10575925659919,0.10881406411900169,83.17848919652029
Company_244,Financials,208.19787034410686,0.3880032158652452,10.918452779950227
Company_245,Retail,290.4896021223982,0.26719597354819374,46.00932211798488
Company_246,Technology,403.94871990643986,0.13553609803502575,88.16833864412587
Company_247,Retail,273.8167302865859,0.37350164223081705,18.249708992646063
Company_248,Pharmaceutical,334.2110357894653,0.3180422113042799,53.822775550665554
Company_249,Technology,371.54932578419726,0.4922067288004425,88.31660056328832
Company_250,Retail,264.8823738405786,0.19096379834455157,54.439633928468815
Company_251,Pharmaceutical,219.14035776088355,0.2615911505306193,25.18522423777248
Company_252,Financials,439.56603515260025,0.3170183213581692,56.574658407407185
Company_253,Retail,214.57798117366715,0.4166799953813407,26.35524591596375
Company_254,Pharmaceutical,236.35199678203793,0.31953546268802346,51.57634103155874
Company_255,Automotive,495.2672435374708,0.3451600643447797,15.92337743298784
Company_256,Telecom,10.116386552183444,0.1904588206359763,58.43861353715237
Company_257,Automotive,100.881725692594,0.4387674912354239,51.34319513025265
Company_258,Telecom,198.14230606066562,0.2714522187881903,69.21290950091705
Company_259,Healthcare,466.9690556183739,0.15638385100870772,60.4560376927028
Company_260,Healthcare,44.31455581626081,0.36567516580216697,53.96850148246053
Company_261,Healthcare,14.647862477964058,0.186436181274123,65.1823079398497
Company_262,Financials,35.81507962884201,0.1390250040957199,21.515353085778468
Company_263,Automotive,53.386271200672894,0.444794763361709,57.628772900688325
Company_264,Telecom,28.422418871067826,0.2840649057953759,23.768848225822214
Company_265,Pharmaceutical,245.09285015968734,0.3997134850783106,84.04177662815047
Company_266,Technology,294.5710315413906,0.21623502392254204,15.466728387648336
Company_267,Pharmaceutical,143.126615823812,0.41478805396706653,44.429979975263464
Company_268,Technology,205.16081814806142,0.14477437080861214,65.66379821243558
Company_269,E-Commerce,54.932674204600765,0.2423893495179411,46.6417769334607
Company_270,Pharmaceutical,174.8215272759268,0.49122472718941146,17.367620258632186
Company_271,Retail,266.0344039009163,0.4175958865472025,54.27032129013659
Company_272,Retail,368.8131855204761,0.2989023721258753,61.330552706188364
Company_273,Energy,11.63971740105982,0.23591098862475404,66.30338487924061
Company_274,Automotive,238.98227560344975,0.44885428000899064,39.860785157020715
Company_275,Technology,155.5314094628923,0.3179391036338063,55.092797682300976
Company_276,Technology,427.8826926290317,0.4033700071476445,46.05491799511305
Company_277,Automotive,360.6211244647785,0.40164307212646566,63.76448310018027
Company_278,Financials,298.6631818907385,0.10717827142739673,56.684557385985485
Company_279,Energy,145.86016639141906,0.1505015131170454,52.06049756473079
Company_280,Financials,456.06616000819184,0.36385174655789687,29.961949347059893
Company_281,Financials,32.09933183795836,0.16464792451434856,10.161481419858713
Company_282,Financials,63.639123352766426,0.2021973378622419,23.92653402491434
Company_283,Automotive,201.89876886477447,0.4786551816798429,19.365283313933492
Company_284,Financials,70.9744030754596,0.32407290334996475,45.92677960087574
Company_285,Retail,478.64369180411825,0.40029180279973886,58.98065206094757
Company_286,Healthcare,401.01476785025784,0.32319229551305595,27.046800694784654
Company_287,E-Commerce,136.9014992848887,0.3210054459130901,85.12456767737497
Company_288,Technology,298.39157219689025,0.13766076405027916,10.534570337911022
Company_289,Technology,491.34195238924,0.23746527704364123,71.78408121322744
Company_290,E-Commerce,443.25749928443645,0.2129723594746047,60.01638156243538
Company_291,Automotive,304.391238756677,0.2562913462454453,39.88438408381455
Company_292,Pharmaceutical,452.82474391588255,0.4193376752897313,14.039115552992634
Company_293,Automotive,494.7006058085459,0.24877306716674596,60.19892574274235
Company_294,Technology,374.24288321787583,0.2806787276926731,40.84908102925184
Company_295,Technology,41.843340646618074,0.2589525561941266,84.90137115305754
Company_296,E-Commerce,206.77431584848887,0.13736318879011825,53.35920599118127
Company_297,Financials,420.53461028879025,0.27642886330031347,85.17212090348066
Company_298,Automotive,122.97890594445931,0.17824370921780602,27.638695477864328
Company_299,Telecom,417.01483369780607,0.17468931830921658,68.05807282912826
Company_300,E-Commerce,68.96599339714801,0.13761444177370655,59.37992166789805
Company_301,Retail,33.00322500242837,0.2426683896567059,69.15265838650495
Company_302,Technology,198.2043996307123,0.40299275391576694,27.173429117802943
Company_303,E-Commerce,27.998649339040675,0.21057667623335843,63.199561299021894
Company_304,Automotive,479.0624288618296,0.22493964075420544,49.84323144454952
Company_305,Technology,414.84079093904325,0.3570698630689695,69.4259979925053
Company_306,Pharmaceutical,402.3771466936388,0.17833632503476757,36.163571532145426
Company_307,E-Commerce,318.591182268115,0.4587831721694138,81.2045620372202
Company_308,Energy,115.99877128791123,0.3080762093006218,16.74410516890803
Company_309,Technology,263.9475796714322,0.27904117612808677,74.57514550329505
Company_310,Automotive,302.6642954908671,0.32312807677168054,78.90557006520726
Company_311,Healthcare,267.2654354215314,0.1664137253664782,75.3801849093457
Company_312,Telecom,137.51435029624838,0.34538925545567056,51.01811154094208
Company_313,Consumer Goods,262.4714829142157,0.2452402946536042,45.07079840246091
Company_314,Financials,250.681307025627,0.45887453638584763,89.70098292199015
Company_315,Consumer Goods,498.2045301452949,0.16754168267107444,28.33375609713297
Company_316,Automotive,449.7437125426399,0.30282044154617643,53.750077270083565
Company_317,Retail,237.05656662565377,0.3392450517476072,63.65404203058604
Company_318,Retail,315.23931763820815,0.1133534407145525,66.06941086891456
Company_319,Healthcare,376.45708600519197,0.24547724990245612,26.321973259086295
Company_320,Financials,27.083928514574207,0.3930540938803332,62.319527387184095
Company_321,Energy,448.51150620164157,0.4281510029795893,75.46956531850698
Company_322,Healthcare,431.46214004478264,0.22526479792691295,14.001486145688977
Company_323,Consumer Goods,234.14172790911658,0.4194373089531005,82.92170346602532
Company_324,Healthcare,201.6731853793861,0.48710235084135556,12.360324411616475
Company_325,Consumer Goods,143.75009367959433,0.4427495744300377,38.47768259907155
Company_326,Technology,243.57164588188053,0.14705759526373008,11.265055698636965
Company_327,Retail,31.744565131286016,0.3958921328342163,16.17161348316655
Company_328,Technology,427.5748313400338,0.2278667329762179,82.89346281440632
Company_329,Telecom,27.356960525087082,0.49536639576483066,38.388866459691826
Company_330,Financials,171.2351690312368,0.2941435932639549,43.98172243400423
Company_331,Energy,466.4788492763051,0.14897355934357642,27.22755051060421
Company_332,Consumer Goods,370.2542007164918,0.3900742192109563,57.76766161493758
Company_333,Energy,147.88157068298813,0.22920447935448554,57.58425717422317
Company_334,Consumer Goods,133.79805604083367,0.49883126283266466,39.77603134601754
Company_335,Automotive,12.490248510832723,0.49191298314180876,36.642789744431866
Company_336,Healthcare,350.90000349637756,0.3624536072082323,80.79714465444702
Company_337,Telecom,33.90395501985482,0.15193057958068704,40.66273917137611
Company_338,Retail,270.9752345063734,0.37474439907001167,49.48007937235266
Company_339,Consumer Goods,481.4397665701044,0.1372121945840109,32.66438099399445
Company_340,Energy,63.639741426682406,0.11174566364095694,72.94156026857019
Company_341,Telecom,448.295166174353,0.42918337848859445,41.79585255192733
Company_342,Pharmaceutical,495.8229142210736,0.18390117907347256,51.08888372354596
Company_343,Pharmaceutical,40.14334285722518,0.251610850487639,30.26857360477291
Company_344,Technology,442.624071877356,0.4893829559904693,89.01276738730014
Company_345,Retail,262.8787200173722,0.23473620074444132,33.31965927389783
Company_346,Automotive,454.1917225278442,0.2185959125133261,71.65940247244413
Company_347,Energy,289.9462815405913,0.46728319984911015,44.19965202854073
Company_348,Healthcare,334.4348849522167,0.14429937812758326,26.49739240673119
Company_349,Healthcare,276.4516649187256,0.4038329640458528,73.9775011171889
Company_350,Energy,433.6015113506008,0.4952262266611096,36.68854312232345
Company_351,Financials,369.61586028731386,0.4605184043098596,79.21546779182489
Company_352,Automotive,265.4175529684033,0.36066716748257044,83.22057479342584
Company_353,Telecom,435.398793985258,0.22562431799709282,78.78590683130207
Company_354,Consumer Goods,130.18991080511393,0.2017287924713267,12.800633184544452
Company_355,Financials,87.09692325423772,0.4277020419485845,72.98986760040845
Company_356,Consumer Goods,88.59605161173533,0.4519287655806782,42.907157319931514
Company_357,Consumer Goods,173.66435058516657,0.31017396501827715,79.897833614578
Company_358,Financials,126.95811533749858,0.19773597631458648,61.0363410147791
Company_359,Technology,465.74427174977194,0.14517728336446944,76.69145073151667
Company_360,Pharmaceutical,61.858705976006156,0.13487178713273248,49.95454158934683
Company_361,Consumer Goods,352.50546163939794,0.3876309789415423,52.80204036791463
Company_362,Financials,102.71855449465289,0.26804749113909,21.55101057069338
Company_363,Financials,442.00219505747157,0.46214394971114814,72.71898869514843
Company_364,E-Commerce,481.04449121060463,0.3958685202907055,43.55116893335773
Company_365,Technology,238.08030429729195,0.1765041671658347,50.006409461726605
Company_366,Retail,440.7450253117845,0.34551096752627963,72.8078171276566
Company_367,E-Commerce,12.521133669810236,0.27420218175926375,57.907632006355115
Company_368,E-Commerce,411.77398952996907,0.3308998923074452,26.087898195413395
Company_369,Energy,122.02632914721252,0.3952276493354069,57.21861273207142
Company_370,Pharmaceutical,455.26364154199024,0.4224783524015163,42.61062863837246
Company_371,Financials,10.548854625253648,0.43749493056268973,47.56204336350901
Company_372,Pharmaceutical,282.5290501694809,0.2015899498288099,12.264901952213423
Company_373,Automotive,380.751543854618,0.11244623996694308,26.80234796130253
Company_374,Energy,136.75728204197492,0.3957178940659093,32.48304651048226
Company_375,Retail,104.6351036477736,0.14253749050230985,67.03680062870447
Company_376,Pharmaceutical,51.20812998931248,0.22596783544518706,10.919397863849225
Company_377,Healthcare,169.95245248661357,0.10152685364973886,42.70218089833057
Company_378,Consumer Goods,284.32371303132646,0.372667792960648,83.92214963405863
Company_379,Automotive,66.76348982232625,0.1668528045884885,18.95044932392991
Company_380,Technology,194.5807273735314,0.36211296387666325,51.31395105748888
Company_381,Retail,14.445478279835232,0.49669704686713556,72.92179059126777
Company_382,Automotive,411.15291604492245,0.12906834864400651,85.40250460160934
Company_383,Consumer Goods,72.93987186566378,0.1308312047805843,69.74213116269743
Company_384,Energy,148.83804465013498,0.23615203706666998,67.6452438915525
Company_385,Consumer Goods,19.02958218172656,0.44655460570053684,76.119047215661
Company_386,E-Commerce,221.79798410733102,0.18621194751653275,45.69609767820349
Company_387,Consumer Goods,421.6595363431972,0.24415112797213903,74.46756260942665
Company_388,E-Commerce,202.15409360814633,0.12740216265079185,10.63715237963609
Company_389,Energy,97.95368847767837,0.4052621165035558,83.9648844301444
Company_390,Telecom,379.3124286847544,0.26332253710378045,45.464520761374025
Company_391,E-Commerce,396.5154211166647,0.4036994932243372,54.27041502925981
Company_392,Technology,95.13920290070773,0.46144313773871803,30.390579913190585
Company_393,Consumer Goods,387.718513185085,0.19310525884051552,69.40246662723371
Company_394,Consumer Goods,474.1759652456056,0.4229584121359805,16.130864518019905
Company_395,Technology,91.52501759681344,0.12363755603130132,79.81086420374682
Company_396,Healthcare,387.7823033407464,0.459538955272099,76.24934632050741
Company_397,Financials,357.2002822552884,0.36030741902349894,27.284809299581312
Company_398,Telecom,242.05120533319337,0.44969068965534065,74.74595186282099
Company_399,Retail,38.381025673811166,0.10007535982263277,72.90861864491852
Company_400,E-Commerce,46.600264701348465,0.167632428142397,60.57732782031592
Company_401,Technology,427.68318300733733,0.2559037549705968,39.881614151975
Company_402,Energy,495.17270264781706,0.25180116134988745,31.71990033454943
Company_403,E-Commerce,341.26560602150965,0.19069215316940427,28.542687223148
Company_404,Financials,228.51957043505752,0.25264477594688006,35.488717021088576
Company_405,Energy,327.3110852669347,0.15153948480010193,82.28467547460242
Company_406,Automotive,301.2539710219872,0.2651044517064104,16.211262079102504
Company_407,Consumer Goods,197.97000759875468,0.42094173166370574,76.30970210023669
Company_408,Automotive,42.15681084126634,0.29162802524134046,37.91120600334588
Company_409,E-Commerce,412.5413442296461,0.107200035578086,51.72795168090865
Company_410,Financials,192.19842932697506,0.268577616631699,73.55885069187926
Company_411,Telecom,411.20496524497594,0.11087000643633767,80.7501237618377
Company_412,E-Commerce,133.7292873473073,0.4864973642827193,37.58251360581176
Company_413,Technology,10.504445124360364,0.1509815837691476,46.94747850200883
Company_414,Pharmaceutical,87.87975880561069,0.3830753305322475,43.16128518534338
Company_415,E-Commerce,239.58431421660634,0.4891105291568344,11.060082680312844
Company_416,Consumer Goods,472.7087811293366,0.43041562066662875,33.67543110869253
Company_417,Consumer Goods,60.0748736499223,0.3797261500504815,46.73513869860494
Company_418,E-Commerce,428.56278948616733,0.43578436380030683,42.88748871043518
Company_419,Energy,268.2418071438124,0.49271947730425103,67.75433820125436
Company_420,Pharmaceutical,414.70117524194933,0.34853779890141184,40.78428937768826
Company_421,Technology,156.2034711850964,0.32367392273173057,49.15011591765362
Company_422,E-Commerce,421.5741106895112,0.35129524418531255,44.36868737058907
Company_423,Energy,388.6831622082342,0.31307035470462197,69.25009191154965
Company_424,Consumer Goods,122.72630468540262,0.3540356423638875,79.037791918957
Company_425,Consumer Goods,74.35421194059525,0.2799368831890237,52.55112632060113
Company_426,Financials,435.3466180408235,0.18737727315332287,73.1545755356153
Company_427,E-Commerce,481.9859601856646,0.14809889060467027,33.742934561588044
Company_428,Pharmaceutical,25.33813373628296,0.12733637421290417,53.309568812581496
Company_429,Healthcare,368.3223328171059,0.20532631350128006,37.6183962935978
Company_430,Pharmaceutical,455.667010364431,0.11844942573429354,43.136074045746426
Company_431,Consumer Goods,430.10644512532434,0.32686831196775423,68.59310918501349
Company_432,Consumer Goods,482.6150314124022,0.21353137880940812,80.53299858661701
Company_433,Automotive,382.4460984346676,0.42981392323481293,19.719631287021233
Company_434,Consumer Goods,226.72639356664604,0.12969634919535458,60.77114051899044
Company_435,Technology,162.85647534261392,0.19054059773659437,56.57150460622388
Company_436,Retail,167.16394281468246,0.39209845883605843,19.473203134074552
Company_437,E-Commerce,364.96710958091734,0.33952331855339657,26.951546435208726
Company_438,Pharmaceutical,375.4601358951725,0.12579650849966703,34.88019957861442
Company_439,Retail,108.1759803388692,0.4508957828648802,23.35448566540012
Company_440,Energy,435.3801786103602,0.4509047051304719,29.498358601947345
Company_441,Healthcare,360.3127796991013,0.23216320155030956,31.4080639089366
Company_442,Technology,285.7476403082575,0.2361623373398259,36.85390664312477
Company_443,Pharmaceutical,241.05090545023123,0.4956113433400696,69.95123622409272
Company_444,Retail,276.1840748370795,0.3504704686372553,55.752976308048055
Company_445,Healthcare,88.03041175683958,0.31252660822722367,88.89973375611211
Company_446,Automotive,109.81361214537436,0.4352608734207698,43.17886615739768
Company_447,Technology,54.67060029903392,0.2141161353429266,70.309205906954
Company_448,Technology,85.2924386989452,0.27167303735854276,79.7174737101227
Company_449,Automotive,232.3098809565885,0.2071106701953337,64.31827944304335
Company_450,E-Commerce,269.87365292684547,0.41566433863549257,42.949179233399676
Company_451,Automotive,18.752327314376494,0.32933973825408724,70.28757045966023
Company_452,Technology,400.43093565337347,0.3635300280560282,26.29337102181479
Company_453,Technology,154.14230693830416,0.20092289993576262,36.204173214410595
Company_454,Retail,456.7996571303564,0.18809012055092605,53.734820407943104
Company_455,Consumer Goods,484.0805191707511,0.2953498515931755,56.03275098289187
Company_456,Healthcare,100.87484859156062,0.39502629963713076,11.771318037810357
Company_457,Automotive,236.42767247517372,0.3100959030080641,85.6091351004807
Company_458,Healthcare,10.603599231548685,0.11305827101826744,65.7301816973912
Company_459,Automotive,303.1803599099892,0.44742060252811555,49.656300018551285
Company_460,Energy,307.5801596487089,0.12587475740605264,84.65017875266467
Company_461,Technology,131.29457824565384,0.48232979348830096,45.12764522006628
Company_462,Consumer Goods,283.622209565767,0.1100567833109091,88.43484562162973
Company_463,Retail,120.51466979743036,0.3777801824522835,50.982780579478806
Company_464,Consumer Goods,88.80447984831314,0.13288282548471267,19.142861599838355
Company_465,Consumer Goods,329.2445387331097,0.4642706317740558,71.18407779674217
Company_466,Consumer Goods,169.7034773365167,0.28577329449021716,64.31181800622724
Company_467,Healthcare,299.229330053955,0.15500950992680618,71.83893770444695
Company_468,Automotive,222.29090699611123,0.23632627991593866,86.11536229805449
Company_469,Telecom,492.3321896274229,0.1659298701387048,72.11914421208145
Company_470,Energy,83.29451490710723,0.168232764622836,58.90692817733175
Company_471,Pharmaceutical,237.653312351547,0.47924332806857695,78.58471218886727
Company_472,Consumer Goods,343.4237469160694,0.2780984449139153,63.859715148362525
Company_473,E-Commerce,203.81709110118464,0.4155209055621438,42.64952454607385
Company_474,Healthcare,487.602927416638,0.3558422244710727,80.84958113934186
Company_475,Retail,363.72493768419815,0.3705705449353569,27.75203686274983
Company_476,Pharmaceutical,331.9220902066016,0.15267737538881543,67.17130199269793
Company_477,Telecom,380.95904112949944,0.1936737787261943,80.52507639526056
Company_478,E-Commerce,476.79783263897133,0.41470013406177475,68.5053215762637
Company_479,Telecom,454.8311399624737,0.48830648258991316,65.78203352430856
Company_480,Pharmaceutical,364.89980098194184,0.2050702570394607,70.21106352574688
Company_481,Consumer Goods,377.0892031596287,0.20862750590041595,47.20441986405155
Company_482,E-Commerce,81.50181627722127,0.28915885312436196,79.93365457256208
Company_483,Telecom,60.36827820140619,0.49353612514217515,26.274918010887298
Company_484,Retail,289.7432059036405,0.20758357833058844,20.190913280027143
Company_485,Automotive,19.0001421008646,0.26278876385370553,32.840702409480926
Company_486,Technology,246.35462696027986,0.45659200624940277,52.526191741999455
Company_487,Automotive,113.07129416024561,0.1011684130485448,50.84494363274705
Company_488,Pharmaceutical,179.5481181459714,0.11590638599542782,75.64790061412693
Company_489,Healthcare,390.14432053854847,0.3416286708284877,42.365492512321396
Company_490,Technology,471.20637707386936,0.4629520658851388,48.747554103320695
Company_491,Energy,45.483973351707334,0.19554266416077107,11.06941466075165
Company_492,Retail,271.77868092845813,0.2878567098722836,42.77913891543513
Company_493,Energy,442.441408051604,0.2801861206631273,61.82193863602737
Company_494,E-Commerce,50.42918187580643,0.2891885384382041,11.240666450127375
Company_495,Technology,414.01188297944856,0.34900787829189805,32.4705572148995
Company_496,Energy,185.32266195485298,0.28789750519627355,26.636508743151197
Company_497,Energy,167.82640408747432,0.27898725652898315,13.358834312767058
Company_498,Telecom,488.958529294245,0.2897153681725042,48.340807193163
Company_499,Automotive,108.42095403252415,0.3363469765084166,24.53786345825252
Company_500,Telecom,349.66503100311365,0.31480299534054335,69.4465231705104
Company_501,Technology,412.50595672483456,0.44165439906020176,77.83423070106788
Company_502,Technology,30.17991268684312,0.11979874139746666,53.646814613531824
Company_503,Pharmaceutical,338.488874593662,0.433326828589205,88.53658740169132
Company_504,Telecom,476.2594874341102,0.43756984504468965,46.038285717647625
Company_505,Financials,70.86778369674909,0.21396320861238435,51.06945681799324
Company_506,Automotive,449.1484383156688,0.2851407820063403,89.13742031662001
Company_507,Technology,301.44055231469866,0.2754153954149742,28.523874877203905
Company_508,Pharmaceutical,312.13624511261224,0.18740393374165212,85.40367517415243
Company_509,Telecom,310.34264568414693,0.25871873883452656,13.42700440952906
Company_510,Automotive,156.42958430528378,0.11775510886834178,45.71095122105558
Company_511,Telecom,468.2488894967352,0.2111288291126938,15.600280970645262
Company_512,Energy,474.20172668920895,0.4266728701802872,68.33877943309145
Company_513,Pharmaceutical,316.39928350483444,0.21382492070515902,58.67271487040142
Company_514,Automotive,393.8771357113912,0.427282667499299,66.53074107740771
Company_515,Consumer Goods,310.0064130817674,0.3126397858417723,39.95843199744136
Company_516,E-Commerce,247.3552393112799,0.451945070944464,39.55855472251042
Company_517,E-Commerce,333.80185796663284,0.32991182170576605,13.625542316871568
Company_518,Automotive,280.9707117700596,0.11186728922589594,37.99559516237118
Company_519,Telecom,302.7631726896457,0.37016808301883575,84.34307218096475
Company_520,Pharmaceutical,394.07795117524233,0.11794142720942746,40.33812297443592
Company_521,E-Commerce,245.64287741000257,0.2802388075932536,76.5094164977576
Company_522,Pharmaceutical,29.969511985311655,0.47177067778924564,77.38604037999472
Company_523,E-Commerce,90.35974568485365,0.16608157573514007,39.859292510338705
Company_524,Energy,224.9175360798738,0.25594894117661765,60.55909443169512
Company_525,Telecom,365.1650143382886,0.39194412353939134,17.62972818184469
Company_526,Energy,300.7065376719876,0.452903422437939,18.29428645874212
Company_527,E-Commerce,328.64415107799243,0.3683772018970032,13.892613092937065
Company_528,Consumer Goods,244.84667500238078,0.2032693016764677,56.481207470008755
Company_529,Consumer Goods,311.713590751699,0.36984314116648653,44.085678210087764
Company_530,Energy,171.21854452918447,0.218691056441636,53.84258853313921
Company_531,Consumer Goods,240.38947042136587,0.3873716919274941,51.68585524067103
Company_532,E-Commerce,374.69674214152826,0.4816132510340162,38.01623928725842
Company_533,Automotive,437.19806169682937,0.3885573804425153,64.19787318587782
Company_534,Energy,222.49111363863057,0.445152201164965,70.68015047331126
Company_535,Healthcare,31.394212276606982,0.10084153727035337,11.170260710214057
Company_536,Telecom,89.2195466319333,0.38702884989263775,26.579383981510265
Company_537,Consumer Goods,20.221958252853668,0.4318350227461002,67.05886944666695
Company_538,Consumer Goods,330.0988794262918,0.11622349501787257,40.92961381070673
Company_539,Technology,172.83416642400337,0.4486390909152923,62.998715755328654
Company_540,Financials,275.81453150249007,0.20267769132401836,37.757012778764675
Company_541,Energy,251.7056549240618,0.3661168407912221,41.26041218637097
Company_542,Retail,49.94797988068908,0.42014195160936263,22.694309895174793
Company_543,Consumer Goods,207.5980669506776,0.3650658052237422,30.658481573292804
Company_544,Telecom,118.0749512119384,0.1369139168293029,58.43294060060698
Company_545,Healthcare,215.01589644714983,0.3385286075441474,44.65304890521331
Company_546,Consumer Goods,109.75335736769891,0.3198334626888575,71.94421463556762
Company_547,Healthcare,421.82167907569743,0.46012850722970866,78.20679639506741
Company_548,E-Commerce,95.35473492334428,0.2616958918576837,53.33171345734079
Company_549,E-Commerce,480.7824702286187,0.22843243883482006,70.66138336448473
Company_550,Financials,213.794609412001,0.3999403057745865,34.5523610555656
Company_551,Automotive,424.66019308933414,0.2650701304333587,43.197697232006256
Company_552,Retail,318.0947609209131,0.3584384700020252,67.02221409734648
Company_553,Technology,370.3216463462188,0.3585800360498428,40.89695942536245
Company_554,Financials,386.18470515272236,0.45521562574404717,57.080394812719106
Company_555,Pharmaceutical,257.37399212757873,0.33947696092763896,24.82982232660092
Company_556,Technology,276.2172564480113,0.30086144398479475,57.98170519763984
Company_557,Energy,261.85797522627524,0.15554853055860682,78.92109657815149
Company_558,Telecom,298.14860526413884,0.14629504267148216,79.49117118587405
Company_559,Pharmaceutical,24.403278420688572,0.16172862611323177,67.94755250636317
Company_560,Pharmaceutical,203.80243322601748,0.1687393925308378,69.66027032609009
Company_561,Financials,307.03246964497407,0.3551508370654536,54.634195612056054
Company_562,Automotive,302.88454697537355,0.3963925001098314,56.77344721326598
Company_563,Financials,398.54848635675944,0.3119966091705675,20.69204651284144
Company_564,Energy,330.9545760277332,0.43160709301819644,45.50873507370409
Company_565,Consumer Goods,496.14532500692945,0.4965052906934533,46.0621027109091
Company_566,Consumer Goods,149.08871901823605,0.4280050516477424,86.67982685341921
Company_567,Automotive,185.98400453645343,0.3779529494703837,44.48694900986315
Company_568,Energy,198.08510441522017,0.3129970797748587,53.94741159222061
Company_569,Automotive,238.24827543992177,0.2795412286698833,52.6601119423282
Company_570,Healthcare,419.6390512527926,0.13375695221781694,60.94093736354617
Company_571,Consumer Goods,125.53812604001283,0.2597474993578764,69.85862650655167
Company_572,Pharmaceutical,390.2401014473605,0.46405385471285376,28.00335009366977
Company_573,Retail,208.60198971201427,0.42320905196262115,52.29795352787485
Company_574,Telecom,304.9091379943842,0.1864205460046749,76.07341658528243
Company_575,Energy,319.94486128089,0.28664311387888636,47.049177107000915
Company_576,Technology,192.69583222257788,0.42668928102341785,32.27660370988584
Company_577,Automotive,261.18145055084454,0.126953821914209,62.376726028503924
Company_578,Telecom,212.38527557737154,0.25495703426746374,75.90139166392984
Company_579,Technology,43.87506523144353,0.4407364947495791,15.051223434191305
Company_580,Telecom,224.211040520245,0.2615591456680495,72.14323867257818
Company_581,Retail,57.72276235124056,0.13104585789257636,75.7318346369417
Company_582,Technology,208.46019154935755,0.31701374741290056,46.921834207088544
Company_583,Financials,300.5300159175731,0.4446969979673182,88.66445254547739
Company_584,E-Commerce,293.91330067831535,0.3361142171812639,72.93666725658473
Company_585,Financials,334.68442671407695,0.19051164328569273,71.89300519165326
Company_586,Consumer Goods,56.678138897766885,0.25369584805495254,69.82708595296575
Company_587,E-Commerce,329.5403903099146,0.28004934447277285,22.04864825746192
Company_588,Financials,162.95254778125906,0.3317065415282108,27.378470916240865
Company_589,E-Commerce,205.53251360718443,0.40374041030104524,47.119210517154
Company_590,E-Commerce,430.41326442212585,0.13954944705625416,31.120347996757268
Company_591,Pharmaceutical,14.424898023479624,0.45586081320702654,43.21927778672324
Company_592,Automotive,298.32219033689665,0.10492388120643024,81.07712879383365
Company_593,Automotive,303.3698502490527,0.24802093386970211,75.94615135034154
Company_594,Pharmaceutical,204.36329040834536,0.11096812398906307,60.403190278398576
Company_595,Telecom,126.14364998308473,0.25718969013811654,78.64963154008828
Company_596,Healthcare,124.99027874816004,0.31032503954932955,72.70179112137994
Company_597,Telecom,443.0177381337688,0.3046725546326047,44.31879454727124
Company_598,Technology,226.5919431536002,0.16625133881130616,26.08521216399561
Company_599,Technology,172.13578786469424,0.3582962040382449,51.13608320074714
Company_600,E-Commerce,229.9010111773875,0.1179113802018673,68.89831060228401
Company_601,Financials,338.00129671508705,0.4047627280529662,44.91356789836744
Company_602,Financials,81.42071843992834,0.47865777359741857,63.34175278271178
Company_603,Automotive,230.22257925473147,0.23590753086044716,17.54619410328349
Company_604,Energy,298.0633418440896,0.30689575268573277,69.84037890971227
Company_605,Telecom,474.80584387720256,0.25156411122352573,75.01708959144496
Company_606,Consumer Goods,133.73861321695546,0.10268415612162399,66.5470284624433
Company_607,Retail,186.03286647896033,0.2543498011580464,87.38108700210924
Company_608,Financials,195.88570906198765,0.41668810370453857,76.13216459685123
Company_609,Retail,306.7136972459926,0.33839553687339274,82.24749823012306
Company_610,E-Commerce,184.79870598960082,0.1405039658460636,84.68568667661185
Company_611,Retail,271.42084339685084,0.438855795877514,74.10783934990468
Company_612,Consumer Goods,393.0772616240644,0.31243413795409714,63.94070736051993
Company_613,Pharmaceutical,355.63894111497973,0.43668934469787046,10.457486508863143
Company_614,Consumer Goods,228.72063679116692,0.33208860751401176,47.26606025784997
Company_615,Retail,433.4659270603428,0.32387537793517596,55.69298388978888
Company_616,Consumer Goods,283.48872230099283,0.14210367407880498,34.32242179583997
Company_617,Healthcare,274.5538613560841,0.16694389325545117,35.44835575227776
Company_618,E-Commerce,26.752005310187506,0.48881010259863644,86.89275325681321
Company_619,Telecom,493.47956037500916,0.1913946987019083,81.33686921621967
Company_620,Pharmaceutical,70.25569617951709,0.4909808471961472,77.93432044013633
Company_621,Financials,123.25414708954683,0.31276508260970537,42.48094413648885
Company_622,Technology,35.33145024834821,0.15431561882557487,11.095884032713164
Company_623,Telecom,323.6014537500877,0.13972088110147718,16.417779716457126
Company_624,Technology,120.10357671661319,0.183545628282296,34.97570945740829
Company_625,E-Commerce,98.20511436163451,0.47025493201013435,11.259433039654159
Company_626,Pharmaceutical,53.392236269388285,0.26566008973129074,11.37198255321585
Company_627,Automotive,60.62138899076768,0.25817370719716576,83.32826413139288
Company_628,Financials,296.48864321686847,0.22528250442806963,66.49268016952433
Company_629,Healthcare,347.22185427463177,0.15882474022663537,34.71647920545222
Company_630,Automotive,204.71570434755648,0.2951404788769626,20.611566208076255
Company_631,E-Commerce,245.14956998011587,0.15201911300445548,50.93085743160617
Company_632,Telecom,346.1241906316622,0.43419209455293106,10.427692868349157
Company_633,Healthcare,18.51609719088502,0.2481587945101226,85.07309950865152
Company_634,Consumer Goods,168.3340219644365,0.24992142711271856,43.185209551115776
Company_635,Retail,486.81789655446977,0.2896025713932624,42.18679641898662
Company_636,Healthcare,294.2549925507793,0.27765108526630067,41.247488606542575
Company_637,E-Commerce,134.5700441497717,0.4979431892237286,15.54626643102118
Company_638,Energy,265.64772285174445,0.31815244848732105,61.06577918334612
Company_639,Retail,177.90020917924852,0.1352806815159483,68.64028957026827
Company_640,Technology,270.8000445248866,0.342750936630772,64.09003180706321
Company_641,Financials,71.61334078525792,0.160633717147952,21.074839466351545
Company_642,Technology,75.03018037144592,0.1123750578925368,56.307213442847406
Company_643,Healthcare,80.3357573993025,0.48829686147089923,55.55875873378031
Company_644,Technology,470.51169804415247,0.40941555661382556,79.47286303531057
Company_645,E-Commerce,369.1204699872575,0.4920435969655068,40.33021267005176
Company_646,Consumer Goods,89.56712838453724,0.291151379208897,39.718875492754734
Company_647,Telecom,102.29105104514471,0.31290301245959046,59.48216469745485
Company_648,Financials,368.1064426867294,0.1673347823676521,60.64581227996104
Company_649,Technology,86.52028394816523,0.19876297066703424,47.54281818606323
Company_650,Technology,124.93503373406605,0.43541968596113134,45.44474898643369
Company_651,Healthcare,482.03994808199553,0.24247425884703766,49.53181365103062
Company_652,Telecom,135.1001971169316,0.43072598951856766,78.88362396026496
Company_653,Automotive,334.1998516818619,0.3836054897148128,46.8933521003128
Company_654,Technology,489.5293308262599,0.17086837010874623,85.1945433575858
Company_655,E-Commerce,193.4054158984984,0.3029785464478969,50.320301087706085
Company_656,Energy,18.582835522410498,0.3709549286074868,85.93605545447132
Company_657,Financials,129.63217230696338,0.19401488592153004,76.62655214952606
Company_658,Technology,417.1298237574357,0.4322754042080308,38.99450580926633
Company_659,E-Commerce,433.658329617968,0.3179310630180747,79.09131370372928
Company_660,E-Commerce,386.5744886166577,0.1660968201770413,18.80506273608922
Company_661,Financials,65.42381134752078,0.333193770465841,84.00377402744115
Company_662,Automotive,399.80008213123756,0.49988552166236566,60.53148120663133
Company_663,E-Commerce,460.1521205268171,0.16020859666536544,14.351259881784895
Company_664,Energy,304.2986758476557,0.42670277204781126,61.540537892064926
Company_665,E-Commerce,471.02892460565175,0.1829236012750232,87.93981233158048
Company_666,E-Commerce,415.15105301881994,0.412955331784035,15.584052369170314
Company_667,E-Commerce,336.81604332554457,0.3938311692485653,54.3750167824069
Company_668,Consumer Goods,292.8207659887566,0.22019575424017296,69.8235479807498
Company_669,Consumer Goods,180.80109694856554,0.23032924702577995,74.8206869359625
Company_670,Automotive,88.05084816897451,0.4170085567851677,43.106197225663664
Company_671,Technology,306.42742211836503,0.28457820475492507,26.333324733459442
Company_672,E-Commerce,165.87466127287854,0.3923272114847235,13.387382301790707
Company_673,Telecom,434.55494708854627,0.15919365894633392,56.37809256777798
Company_674,Technology,496.73509930572794,0.44102311276062145,46.23288562140886
Company_675,Automotive,378.68960368163056,0.3843538866729277,85.89955161197688
Company_676,Pharmaceutical,54.336030690654866,0.46277712353393363,14.848392617192783
Company_677,Technology,151.45594181001266,0.152948951613989,64.83162747568045
Company_678,Technology,63.46371956521737,0.33720580014423907,11.997297769604574
Company_679,Retail,328.7507074179407,0.3396482340161301,23.71473413684342
Company_680,Healthcare,384.94352363233446,0.241384296218713,46.28631999382673
Company_681,Retail,463.58066713154875,0.28338656982770316,46.389795424229455
Company_682,Energy,224.70444974187396,0.11519262531594139,64.85604343469151
Company_683,Consumer Goods,451.6740682983377,0.3983440154508048,82.81704278942053
Company_684,Consumer Goods,440.16666793025047,0.3197289917612696,61.12257271319366
Company_685,Healthcare,165.42590121504531,0.12309642074766952,86.28280782812071
Company_686,Financials,435.7613065148798,0.37230235718419424,80.5292511902398
Company_687,Financials,194.07940342204597,0.2867128308924752,56.75998364246322
Company_688,Automotive,155.46594453453758,0.11378450377,76.70335607350619
Company_689,Healthcare,328.0465828092526,0.48784309073923815,61.40620882589072
Company_690,Technology,170.90680166368972,0.4796448572357762,16.28462647389817
Company_691,Financials,318.80228668128063,0.305160966458879,69.2451778607608
Company_692,E-Commerce,308.81758469436033,0.1374689682823641,17.592675301387697
Company_693,Telecom,286.0850744007448,0.4018484886394368,57.52662244557699
Company_694,Technology,196.40565507407086,0.29677244004229164,66.21121646865831
Company_695,Energy,278.7648636092236,0.22097899131575197,15.322208656868419
Company_696,E-Commerce,302.2778827428566,0.2965672710114227,28.46357231412254
Company_697,E-Commerce,277.38657536278197,0.3089776581621858,83.25377858093199
Company_698,Healthcare,227.76553184808876,0.3250846796089357,59.30515937863171
Company_699,Automotive,17.186857952669268,0.2764894854621306,29.702881504842527
Company_700,Energy,297.66023677356395,0.34230212125562265,65.25438169184054
Company_701,Financials,92.53774871993262,0.467493884242551,57.74211359693517
Company_702,Healthcare,324.86222478412293,0.24490723483943647,50.12605599343587
Company_703,Financials,382.07872068220433,0.39028658528797966,88.0949579990467
Company_704,Healthcare,255.21820147406333,0.4577810227296929,64.67630219260072
Company_705,Healthcare,275.7581958400718,0.2823917103039748,40.03528877343301
Company_706,Healthcare,476.22449423633566,0.2773823345527616,74.00587456614944
Company_707,Automotive,425.11200707256137,0.3408467941419118,80.76666343369502
Company_708,Healthcare,457.97589281622027,0.3365627037689952,20.017644761346514
Company_709,Pharmaceutical,408.74548127659733,0.4226357369305108,26.04423822762132
Company_710,Telecom,63.369987504898404,0.2905933535113171,27.298160730222378
Company_711,Financials,83.0060094253954,0.4984491798557765,65.29694475092323
Company_712,Technology,268.0456606617902,0.12378862754691232,58.243164404262664
Company_713,Retail,130.57413281101913,0.1012671394322807,59.519325175887055
Company_714,Energy,243.58078277016799,0.3560793246238495,85.26186397516008
Company_715,Consumer Goods,203.2390086709916,0.2193739649447507,72.07292262458448
Company_716,Automotive,279.2129768309221,0.19615295547979353,20.234953960942654
Company_717,Technology,375.96910090655314,0.2247596320017122,37.800566594014484
Company_718,E-Commerce,360.59054447864446,0.20241902604198173,44.83149169405885
Company_719,Pharmaceutical,265.40472491781384,0.11231601986417915,41.676927099808395
Company_720,Consumer Goods,412.97277522035847,0.4886132169562355,63.544688732950334
Company_721,Retail,221.12242485363635,0.1882981953811127,81.351448260525
Company_722,Technology,449.39000202165994,0.3936119050357225,34.484117081823044
Company_723,Consumer Goods,44.927332327030314,0.4050385578776702,54.15017091369485
Company_724,Technology,477.78341471632064,0.47170295920289174,73.15275375308686
Company_725,Pharmaceutical,330.7996099013606,0.112219782837352,43.297444707627946
Company_726,Retail,196.2365093792306,0.44881933537880314,23.449450271943668
Company_727,E-Commerce,106.6055220207099,0.3108904723359201,47.99607722109986
Company_728,Healthcare,244.79978242736397,0.3530176439863312,14.417801659442278
Company_729,Financials,105.33357836079747,0.35778811084841344,85.39067632018215
Company_730,E-Commerce,91.50248779413965,0.42791912199389104,15.985696415597843
Company_731,Healthcare,312.50236113235735,0.2333629288636442,45.076537220046255
Company_732,Automotive,266.3115150450745,0.39322047594399734,52.3905008870821
Company_733,Telecom,338.34705695936145,0.3114312438888789,88.82430658298284
Company_734,Energy,465.5068799367747,0.4173576057221391,23.281745891428862
Company_735,Energy,270.80750453612967,0.49621841310805337,19.154521488988685
Company_736,Financials,294.6567060987709,0.1802604069615045,10.696491765003486
Company_737,Retail,53.91690618592163,0.4978594566239992,22.445714949544183
Company_738,Pharmaceutical,361.64153509522845,0.1359248617131096,26.581838325413408
Company_739,Retail,205.95355133403655,0.10092701916192555,60.44647532664739
Company_740,Pharmaceutical,488.5953669446636,0.11766477447113251,27.57654323131203
Company_741,Retail,413.3552676418735,0.2367129618947047,11.641665178346017
Company_742,Telecom,266.015709852898,0.35316253227137373,76.1294676401991
Company_743,Automotive,70.37910054436136,0.12761181635513985,39.24765608031734
Company_744,Automotive,431.11373870748866,0.10226632581182692,38.295734926458714
Company_745,Healthcare,401.8927367577706,0.47483641138351795,34.19832233343413
Company_746,Consumer Goods,100.44671347314616,0.42877065437597184,88.02986217171367
Company_747,Automotive,154.68636171795194,0.4236732684556125,23.609233384742517
Company_748,Automotive,398.7695564924403,0.4537697102007908,81.85904511625881
Company_749,E-Commerce,100.76193880823074,0.3800137091088418,72.14426657119104
Company_750,E-Commerce,459.6987196939749,0.1417616518992326,16.118396439945045
Company_751,Healthcare,218.01843834621732,0.25964007522948923,88.9383281200679
Company_752,Consumer Goods,52.64909166795273,0.3892597945858518,31.709277083120845
Company_753,Financials,409.71683531709766,0.21213378431660837,17.886634161792987
Company_754,E-Commerce,193.01974468880994,0.37496254565449505,76.34513873006075
Company_755,Financials,267.9846051353527,0.10979937930706095,66.534042694216
Company_756,Technology,65.02912876149739,0.2224549363518373,59.37750447023206
Company_757,E-Commerce,11.266167274041369,0.31965213451086905,22.478469095914654
Company_758,Telecom,322.61275083871584,0.35283593180249695,48.27968930047695
Company_759,Consumer Goods,262.4358334635285,0.3308162657847643,72.44448215097711
Company_760,Healthcare,300.8338988703421,0.3791025104293718,34.28991505150722
Company_761,Technology,398.934486686453,0.10243549929593564,34.935186281203315
Company_762,Consumer Goods,326.83689757720146,0.1403764799910086,10.25127248384977
Company_763,Telecom,95.63898698541482,0.44757770091165805,23.939472131630364
Company_764,Consumer Goods,186.77853436419392,0.3726994576360645,80.03245000974674
Company_765,Telecom,453.8866413460026,0.14517265707440452,45.33971933101657
Company_766,Telecom,387.2729031233227,0.43682977495943176,88.73875993875471
Company_767,Financials,282.75215838899146,0.19689248712982677,41.656637085903405
Company_768,Retail,135.26604892654342,0.29130395367808937,67.21491638241929
Company_769,Technology,158.0096458990496,0.15807860515386413,32.55352343237833
Company_770,Consumer Goods,368.65945311696095,0.38404402256868264,39.10477129127468
Company_771,Pharmaceutical,427.0753878178577,0.36674176840570716,25.258079007271572
Company_772,Technology,338.9980880700011,0.1844449884664545,37.764989479951595
Company_773,Retail,406.66968812653647,0.4453603067428008,53.77900163365145
Company_774,Technology,385.6615062481989,0.26052240968788487,89.34183047833996
Company_775,Automotive,83.35494429890929,0.21700603642829674,63.136137045742856
Company_776,Pharmaceutical,217.73295832751796,0.1609318357858142,25.939676352665124
Company_777,Retail,84.96206240599571,0.206467205006215,13.59691532732409
Company_778,Financials,125.26543655297256,0.10881076848952681,20.10851850516085
Company_779,Consumer Goods,435.93721607901574,0.33330299698244625,55.00441610184379
Company_780,Energy,241.71706316025924,0.43689229853757916,71.21282630534131
Company_781,Retail,272.3254699029038,0.31959217977665677,85.23353658405975
Company_782,Healthcare,97.43852296160834,0.1877095847695503,11.265853759745665
Company_783,Consumer Goods,163.01317516391006,0.11346767128554909,51.82081132494958
Company_784,Retail,122.82062252965626,0.18585122930352116,47.66938849785414
Company_785,Automotive,111.03122061402894,0.2664485712284369,62.48440175805632
Company_786,Energy,322.60078872482535,0.4038445714799186,54.76630835722736
Company_787,Automotive,135.87308534640027,0.17513714101510966,64.96313204659845
Company_788,Energy,319.68758815000507,0.38791658134187446,62.646606779935226
Company_789,Healthcare,38.64276091319141,0.44677338734075345,19.360937988635698
Company_790,Consumer Goods,79.46945282827991,0.28157873924334287,73.97743308949757
Company_791,Financials,144.52472446006144,0.4285727966570373,19.858606057305987
Company_792,Automotive,302.5529892788889,0.32186293921403825,65.88245001673097
Company_793,Automotive,341.16221009281423,0.354836334832362,43.291629411248536
Company_794,Telecom,226.93131372196828,0.3105113841352811,51.10805876612783
Company_795,Energy,228.4375481428422,0.28526908670053674,82.26384115005685
Company_796,E-Commerce,365.01325718532286,0.19386137671033976,81.19069811787892
Company_797,Consumer Goods,17.752334965135397,0.22127762378441843,75.42850445240236
Company_798,Energy,177.13411199236808,0.2159880475774436,50.81187043650586
Company_799,Telecom,411.16645798842404,0.32531557238152586,68.89918481070666
Company_800,Technology,305.5775110045524,0.14798147720955598,51.03176444150475
Company_801,Energy,175.241295050156,0.46671667628093405,79.5684865979822
Company_802,Financials,453.7071482415402,0.3882620581132453,42.22206665863199
Company_803,Consumer Goods,388.58513645019747,0.26057825236527743,87.61882755319014
Company_804,Telecom,139.7987691459994,0.1634496578105512,84.58582065831021
Company_805,Technology,326.1920203876013,0.45279686788865436,69.32820955614284
Company_806,Pharmaceutical,301.91785681258875,0.42951123604046615,32.35327073408576
Company_807,Telecom,206.58207787910152,0.38868862108687174,20.53228710346067
Company_808,Pharmaceutical,189.80847881035234,0.20861881896449697,78.3762760074558
Company_809,Consumer Goods,178.34463264009494,0.2609786549734676,23.224182891036904
Company_810,Automotive,312.40633386386696,0.14109930098096934,78.34086311978686
Company_811,Telecom,226.78086887552806,0.1756158098910127,49.26120053698884
Company_812,Healthcare,417.6129254931968,0.4132066549266932,42.52454270464834
Company_813,Pharmaceutical,338.10528190564133,0.3860154875402736,82.25526230675433
Company_814,Financials,44.266486797622726,0.3373943051903739,58.308078603222235
Company_815,Healthcare,323.68242967580136,0.4582906903704692,56.129120570377424
Company_816,Retail,142.86224388509055,0.3333066071252182,54.70127556995181
Company_817,Retail,300.4778759101771,0.28678719998544433,39.69356128156251
Company_818,Technology,343.26464624069115,0.2361482985223051,72.85144828233018
Company_819,Automotive,123.10630268546592,0.4761794022944691,30.22387552126184
Company_820,Consumer Goods,233.86073599138064,0.13308618460974142,85.111596803302
Company_821,Telecom,103.25918278134323,0.4723549488243234,81.51881640375686
Company_822,E-Commerce,35.64604913538907,0.4306858639724074,36.99842605399185
Company_823,Financials,195.45344750807584,0.15197196981428052,68.3571015865331
Company_824,Pharmaceutical,187.84269320453606,0.3259937430701014,55.85785555596732
Company_825,Consumer Goods,497.78544044508595,0.4466191926996348,37.011944159938764
Company_826,Healthcare,228.71265208684466,0.32872366544286147,89.08173183963574
Company_827,Retail,173.4490792413782,0.462879928624249,12.018987667861136
Company_828,Financials,294.43275329117057,0.477193526726417,30.211682449702934
Company_829,E-Commerce,53.49602311280655,0.26895380887372233,51.605924888892034
Company_830,Telecom,481.21621061785845,0.25092546456252945,51.75624027828511
Company_831,Technology,321.13042233960624,0.4745284615876627,57.114645995645134
Company_832,E-Commerce,379.8705317710154,0.3700560244598673,70.13409376183354
Company_833,Financials,93.53418970521959,0.14640907253926772,59.87822644154371
Company_834,E-Commerce,210.64414797254992,0.11691669968907248,58.02251684224296
Company_835,Financials,217.11766556413286,0.32585162039890525,14.281157033043463
Company_836,Financials,412.68515751153257,0.47206838617536984,40.12242302314387
Company_837,Energy,10.605973082110626,0.43769948096232736,28.56445917609248
Company_838,Pharmaceutical,157.41802309309497,0.37033909858573455,31.229608928158036
Company_839,Retail,490.8058234287089,0.15564633955643503,54.34699794722759
Company_840,Energy,242.69440631804713,0.20169255349947823,25.960425194368675
Company_841,Telecom,197.43787731956405,0.4502044906210465,33.5159280813518
Company_842,Energy,68.71621098864671,0.1731228946627602,28.96677668138721
Company_843,Automotive,487.34066802772765,0.21137576330017382,85.88023545745558
Company_844,Automotive,19.81291440365399,0.15184026047817678,85.57325857368761
Company_845,Retail,371.21831025354913,0.37044329256576447,58.795324687684136
Company_846,E-Commerce,386.6139043463691,0.4775929221452838,83.96179749855199
Company_847,Pharmaceutical,129.39179087129463,0.20758721263815438,72.86501163746985
Company_848,Retail,339.0636373703883,0.2901626431400295,57.195830624144705
Company_849,Financials,55.53528074590106,0.35373589588448173,10.514816919743657
Company_850,Healthcare,135.95316055171912,0.4997864992862523,71.80130288635232
Company_851,Pharmaceutical,396.0719742632098,0.14192322599902885,66.1990673270775
Company_852,Pharmaceutical,433.6962340964347,0.2994283198022837,59.22029226259312
Company_853,Financials,308.15834220329776,0.254048047961,70.83394493459774
Company_854,Financials,258.35083159203646,0.44632806608894204,51.03377318198126
Company_855,Technology,88.05897010330035,0.2903870924046624,66.32666170570712
Company_856,Retail,40.92342620878358,0.14439100983405925,84.81376693811947
Company_857,Financials,67.64802395204373,0.35376965811463346,40.064401267686904
Company_858,Automotive,121.4050770470884,0.40831224730555193,66.64974679205002
Company_859,Telecom,177.4205059294912,0.10115250066624584,48.0550254408767
Company_860,Healthcare,196.64566750038375,0.4435826741682518,63.951972145118525
Company_861,Retail,179.69766660861174,0.17440920000226626,71.03146684434913
Company_862,Consumer Goods,127.13711277666015,0.32082774586135115,13.636200034863677
Company_863,Automotive,259.7648809083321,0.26631900027498007,61.728035515892955
Company_864,E-Commerce,414.3901930341194,0.38786152664421214,28.139294752555564
Company_865,Financials,147.05473385102482,0.24846464591429673,63.602603024605344
Company_866,Consumer Goods,471.76963936009423,0.4479052706726844,47.46641487470508
Company_867,Financials,437.93496424468543,0.3921985443835161,71.88421934919097
Company_868,Pharmaceutical,89.2644635625337,0.35908526842516864,19.872065216447716
Company_869,Automotive,395.2752188109763,0.4184962382251417,60.105788132495604
Company_870,Pharmaceutical,291.54781733570564,0.40160921397135296,32.27765831420419
Company_871,Technology,287.6219274639951,0.11437546996862134,78.23855962644731
Company_872,Pharmaceutical,201.61095389850547,0.25789374153793126,84.27068045090459
Company_873,Technology,255.56496959918476,0.47232291892659595,89.71186349432443
Company_874,Technology,204.61760094031342,0.1502897075968905,73.68059219418267
Company_875,Consumer Goods,274.468983192372,0.39483862017282056,70.29872563424036
Company_876,Financials,317.69552585859157,0.48983672453413185,27.240060709404084
Company_877,E-Commerce,340.4088651404337,0.12087945161798866,36.8805647192087
Company_878,Pharmaceutical,270.91578435411884,0.37287755225064423,47.254603340982364
Company_879,Automotive,363.4968129910785,0.28726165652041213,71.87048382257998
Company_880,Technology,79.22624414499785,0.3316701021498889,83.1972692062375
Company_881,Financials,113.87142054209689,0.13413653459372996,25.131128001838768
Company_882,Healthcare,411.18015199639234,0.1172027807467758,83.78939877360823
Company_883,Retail,168.03870914474345,0.3667466642203687,65.64997218832464
Company_884,Consumer Goods,21.217974238298922,0.4293237719282872,58.86165845480309
Company_885,E-Commerce,85.35766333733524,0.4128061339731869,25.98730170255516
Company_886,Energy,119.57107290319252,0.317522291146495,14.442002624732044
Company_887,Consumer Goods,479.0882150683477,0.1399467284544713,55.47719188063519
Company_888,Healthcare,290.79030017611615,0.37521777753440555,62.121254666311394
Company_889,Retail,467.03806283336485,0.1967555534216584,26.86251594837506
Company_890,Healthcare,291.8300417433462,0.4644274811069534,54.516496466036514
Company_891,Pharmaceutical,244.88367566754738,0.43530614381828203,78.51947222100588
Company_892,Technology,163.72656868510705,0.3837531868349564,76.8052756364016
Company_893,E-Commerce,307.12176277235403,0.47953838233245216,84.18841444690378
Company_894,Telecom,78.20703206258962,0.11256872860450917,39.27086476455044
Company_895,Technology,450.14819737342594,0.3944801700243048,35.4439658040735
Company_896,Telecom,416.372878519229,0.23209711173456216,69.95408047846469
Company_897,Retail,165.59040945960115,0.46242635427454615,44.4889924077604
Company_898,Financials,476.87078852463424,0.20667007866479103,17.00389312222245
Company_899,Energy,414.34837603362837,0.38994259972600687,32.62409045363998
Company_900,Automotive,336.4903740591695,0.4510588078603126,43.48658284251913
Company_901,Technology,69.66333645138465,0.11666272735307298,33.40131403810016
Company_902,E-Commerce,244.3346712935554,0.25905903183681445,36.57644567578573
Company_903,Healthcare,257.9927018749079,0.40492361280877553,33.50207249395126
Company_904,E-Commerce,123.95016559903625,0.28196755580303484,13.319933374646356
Company_905,Retail,49.183043236057955,0.20690105191743813,60.9675760659554
Company_906,Telecom,390.59457893112943,0.18792213952927603,57.783393628277544
Company_907,Healthcare,69.79717554095356,0.15260730676655118,62.270679878294445
Company_908,Automotive,301.2024677752696,0.4428518239425129,25.3847916826902
Company_909,Automotive,468.86009520299365,0.3301421613006224,33.652363328998824
Company_910,Technology,439.29154437304084,0.13055397799658242,59.56927415559378
Company_911,Retail,146.09878563713795,0.25303212942825415,57.97020547679371
Company_912,Financials,427.20983240012,0.24709346032204396,50.50642474834142
Company_913,Retail,10.162927999039809,0.17269567628378518,38.033060000815794
Company_914,Telecom,18.66702671049604,0.27420305018887625,83.03448038197519
Company_915,E-Commerce,305.25105028300385,0.23283974615725458,37.1816193839075
Company_916,Automotive,188.75112738081944,0.23672148219687303,46.44953251498013
Company_917,E-Commerce,199.36581216798209,0.39561062311518347,64.24910647633669
Company_918,E-Commerce,286.5761344326524,0.18930535420207853,53.44171446934113
Company_919,E-Commerce,103.97340324001168,0.3567439835421422,37.75087810915085
Company_920,Automotive,113.76012182608439,0.328259849552374,44.85158323652079
Company_921,Consumer Goods,247.4547776392437,0.32723700493514696,73.55846542828048
Company_922,Pharmaceutical,379.5842367284929,0.36520293845671037,32.25033243892899
Company_923,Telecom,313.553898189718,0.3193528144782616,21.380419182145232
Company_924,Consumer Goods,155.70397363605105,0.4517020459385539,35.05305614638217
Company_925,Telecom,220.86521697937138,0.37023203678010397,77.96273723903211
Company_926,Healthcare,93.62573168949922,0.31878530054855525,17.119177188507734
Company_927,Retail,46.56860902517004,0.4319052481150579,89.33568586979615
Company_928,Retail,393.52105996463314,0.34245862597339194,53.280231914213005
Company_929,Energy,140.03983050221535,0.21645769911407162,88.78765951736752
Company_930,Retail,97.10553004711163,0.1828379672706285,85.1197137668782
Company_931,Automotive,348.89284722896645,0.16093111426507153,46.225097136873345
Company_932,Financials,312.84532040072116,0.45978208501844064,25.87928596842793
Company_933,Technology,320.2629167465974,0.38405417271922637,23.190782125211076
Company_934,Energy,122.15835637484066,0.4749513752657283,29.1991491095966
Company_935,Technology,123.99631389571368,0.3413167222859772,66.81061124516299
Company_936,Telecom,118.19328859496318,0.289360352597965,31.83599957851903
Company_937,Technology,95.13877187452431,0.12388659558835574,37.31402156834386
Company_938,Technology,331.3045995552116,0.36865691261841194,45.90230431956918
Company_939,Energy,425.5277837722067,0.3328835039072925,83.05861443371651
Company_940,Healthcare,364.915560141564,0.4960835574350486,25.15147343078769
Company_941,E-Commerce,398.12588054266615,0.19566351111289723,10.40212420878425
Company_942,Retail,208.3512302517479,0.31229494211473435,14.807712830253612
Company_943,Retail,330.4971397322791,0.3603829340472291,82.38130733440943
Company_944,Automotive,183.57575781793952,0.3578364698969375,61.80131718746905
Company_945,Energy,267.4972647646336,0.3245174171793611,31.84324954622454
Company_946,Automotive,246.00107480208254,0.4107712041308902,24.175400080895287
Company_947,Financials,96.67470112048865,0.18199248381072658,33.54133893096915
Company_948,Financials,199.6685925644591,0.3902508801097664,19.183754180102408
Company_949,Automotive,482.27291498635196,0.3478938285732357,85.32263282275528
Company_950,Energy,131.80432628032162,0.45843004471782933,72.73649394922134
Company_951,Automotive,75.56383077694947,0.43887777561343266,46.99129415300326
Company_952,Retail,215.1045045957283,0.22605881565302133,79.19700840921615
Company_953,Consumer Goods,397.2654905714726,0.21049492999006125,29.956656343458583
Company_954,Pharmaceutical,295.2526325921864,0.4926613295409792,67.36964547777548
Company_955,Technology,343.67766534673984,0.3109060723661026,78.49059992109947
Company_956,Pharmaceutical,102.95047560559182,0.46256838556577473,38.54149692986181
Company_957,Energy,313.28461457378353,0.16555240951219288,70.59715563605741
Company_958,Pharmaceutical,168.51519350662213,0.3571275659200698,33.60578794114475
Company_959,Financials,418.80864931783606,0.4239440749442345,33.90857082072246
Company_960,Telecom,318.3564149452607,0.4789580998345787,18.564574284334885
Company_961,Technology,107.439576109895,0.2349360564068094,45.204643720751896
Company_962,E-Commerce,41.662173123602216,0.38999246796962106,68.37695251979378
Company_963,Energy,30.890272550646042,0.3155252036158476,85.2176644457028
Company_964,Technology,191.99019814856896,0.12425157042658729,58.30375935432769
Company_965,Pharmaceutical,140.26705696061362,0.3759998949235773,79.05084301885913
Company_966,Financials,326.58416049662895,0.3760386232951374,75.79957194321817
Company_967,Healthcare,254.67357913952296,0.47224272193861483,23.86744423802247
Company_968,Consumer Goods,140.34944622263654,0.298924978467589,48.86539431301052
Company_969,E-Commerce,83.1265111955863,0.19210036828420587,19.353882842031318
Company_970,Consumer Goods,72.3278837168503,0.11782552937947166,64.5722529249308
Company_971,Technology,433.6835921488047,0.2662568746743623,85.99197345968608
Company_972,Financials,129.30420451838495,0.22076668003100075,20.96715664630052
Company_973,Financials,329.3382174763745,0.40443532240955027,68.7106504642033
Company_974,Pharmaceutical,407.2361047132705,0.24170710593641864,60.579052069428876
Company_975,Retail,310.8998424805207,0.4796284785259376,56.68840296064798
Company_976,Pharmaceutical,431.18696350700344,0.48492408119511377,41.20961877506714
Company_977,Retail,202.27292354895252,0.3483634360870832,38.410531820305
Company_978,Retail,478.5488734179847,0.4714641148059532,13.619935121511029
Company_979,E-Commerce,75.2410520472675,0.4043417378057983,27.432696660161078
Company_980,Pharmaceutical,60.05326953219367,0.3187438563900505,11.214150582946152
Company_981,Healthcare,332.75915164164735,0.17212317416911127,56.51336844656164
Company_982,Automotive,471.98725929249827,0.28343917740553604,18.46825887023271
Company_983,Automotive,406.3528962018008,0.32434978534504705,79.84155152237729
Company_984,Pharmaceutical,47.4442611246452,0.44558463229400413,51.851441655773215
Company_985,Pharmaceutical,146.89017982801101,0.292533350614266,65.97519272469668
Company_986,Consumer Goods,465.85625357053357,0.45906986907118263,42.86856734723972
Company_987,E-Commerce,133.99863207238442,0.36973959160938763,54.84638472008389
Company_988,Pharmaceutical,392.77350765559044,0.15479962522146856,85.41273415733043
Company_989,Consumer Goods,414.31477600506486,0.4979925477300372,16.618723169893663
Company_990,Retail,252.77153069588107,0.31089306430156505,30.315021753895692
Company_991,Financials,199.3109658256746,0.25674331856363153,72.39906615284355
Company_992,Financials,230.56097188568222,0.36364550578781063,17.89897655061327
Company_993,Retail,121.21270023902844,0.14355732559241563,16.052888312328868
Company_994,Energy,445.80154890313366,0.3546154587013418,38.923311900323085
Company_995,Consumer Goods,230.80363179758137,0.2992944001997092,17.373436677794587
Company_996,Consumer Goods,442.4051258234889,0.2626696279994333,56.806275376496245
Company_997,Retail,61.7898051540743,0.48120800847155965,28.102020065327984
Company_998,Healthcare,494.25488279006436,0.3090158866928213,81.65583705594979
Company_999,Telecom,227.20381284737294,0.1876469917879754,72.68000646762053
